exp_id,agent,space,step,loc_x,lox_y
3,dqn,symmetric_2_space,0,5.0,3.0
3,dqn,symmetric_2_space,1,5.707106781186548,3.7071067811865475
3,dqn,symmetric_2_space,2,6.707106781186548,3.7071067811865475
3,dqn,symmetric_2_space,3,6.707106781186548,6.707106781186548
3,dqn,symmetric_2_space,4,6.707106781186548,9.707106781186548
3,dqn,symmetric_2_space,5,8.82842712474619,11.82842712474619
3,dqn,symmetric_2_space,6,10.949747468305832,13.949747468305832
3,dqn,symmetric_2_space,7,10.949747468305832,16.94974746830583
3,dqn,symmetric_2_space,8,9.949747468305832,16.94974746830583
0,ppo,symmetric_2_space,0,5.0,3.0
0,ppo,symmetric_2_space,1,4.0,3.0
0,ppo,symmetric_2_space,2,7.0,3.0
0,ppo,symmetric_2_space,3,7.0,6.0
0,ppo,symmetric_2_space,4,7.0,9.0
0,ppo,symmetric_2_space,5,10.0,9.0
0,ppo,symmetric_2_space,6,10.0,12.0
0,ppo,symmetric_2_space,7,10.0,15.0
0,ppo,symmetric_2_space,8,10.0,18.0
0,ppo,symmetric_2_space,9,10.707106781186548,17.292893218813454
0,ppo,symmetric_2_space,10,9.707106781186548,17.292893218813454
1,ppo,symmetric_2_space,0,5.0,3.0
1,ppo,symmetric_2_space,1,7.121320343559642,0.8786796564403576
1,ppo,symmetric_2_space,2,7.121320343559642,3.8786796564403576
1,ppo,symmetric_2_space,3,7.121320343559642,6.878679656440358
1,ppo,symmetric_2_space,4,7.121320343559642,9.878679656440358
1,ppo,symmetric_2_space,5,7.121320343559642,12.878679656440358
1,ppo,symmetric_2_space,6,7.121320343559642,15.878679656440358
1,ppo,symmetric_2_space,7,8.121320343559642,15.878679656440358
1,ppo,symmetric_2_space,8,9.121320343559642,15.878679656440358
1,ppo,symmetric_2_space,9,9.121320343559642,16.878679656440358
1,ppo,symmetric_2_space,10,9.82842712474619,16.171572875253812
1,ppo,symmetric_2_space,11,9.82842712474619,17.171572875253812
2,dqn,symmetric_2_space,0,5.0,3.0
2,dqn,symmetric_2_space,1,2.8786796564403576,5.121320343559642
2,dqn,symmetric_2_space,2,2.8786796564403576,8.121320343559642
2,dqn,symmetric_2_space,3,2.3786796564403576,8.121320343559642
2,dqn,symmetric_2_space,4,2.3786796564403576,11.121320343559642
2,dqn,symmetric_2_space,5,2.3786796564403576,14.121320343559642
2,dqn,symmetric_2_space,6,2.3786796564403576,17.121320343559642
2,dqn,symmetric_2_space,7,2.3786796564403576,19.6999
2,dqn,symmetric_2_space,8,4.5,17.578579656440358
2,dqn,symmetric_2_space,9,4.358578643762691,17.43715830020305
2,dqn,symmetric_2_space,10,4.358578643762691,19.6999
2,dqn,symmetric_2_space,11,4.358578643762691,18.6999
2,dqn,symmetric_2_space,12,3.8585786437626908,18.6999
2,dqn,symmetric_2_space,13,3.3585786437626908,18.6999
2,dqn,symmetric_2_space,14,3.3585786437626908,19.6999
2,dqn,symmetric_2_space,15,3.3585786437626908,19.6999
2,dqn,symmetric_2_space,16,3.3585786437626908,19.6999
2,dqn,symmetric_2_space,17,3.3585786437626908,19.6999
2,dqn,symmetric_2_space,18,3.3585786437626908,19.6999
2,dqn,symmetric_2_space,19,3.3585786437626908,19.6999
2,dqn,symmetric_2_space,20,3.3585786437626908,19.6999
2,dqn,symmetric_2_space,21,3.3585786437626908,19.6999
2,dqn,symmetric_2_space,22,3.3585786437626908,19.6999
2,dqn,symmetric_2_space,23,3.3585786437626908,19.6999
2,dqn,symmetric_2_space,24,3.3585786437626908,19.6999
2,dqn,symmetric_2_space,25,3.3585786437626908,19.6999
2,dqn,symmetric_2_space,26,3.3585786437626908,19.6999
2,dqn,symmetric_2_space,27,3.3585786437626908,19.6999
2,dqn,symmetric_2_space,28,3.3585786437626908,19.6999
2,dqn,symmetric_2_space,29,3.3585786437626908,19.6999
2,dqn,symmetric_2_space,30,3.3585786437626908,19.6999
2,dqn,symmetric_2_space,31,3.3585786437626908,19.6999
2,dqn,symmetric_2_space,32,3.3585786437626908,19.6999
2,dqn,symmetric_2_space,33,3.3585786437626908,19.6999
2,dqn,symmetric_2_space,34,3.3585786437626908,19.6999
2,dqn,symmetric_2_space,35,3.3585786437626908,19.6999
2,dqn,symmetric_2_space,36,3.3585786437626908,19.6999
2,dqn,symmetric_2_space,37,3.3585786437626908,19.6999
2,dqn,symmetric_2_space,38,3.3585786437626908,19.6999
2,dqn,symmetric_2_space,39,3.3585786437626908,19.6999
2,dqn,symmetric_2_space,40,3.3585786437626908,19.6999
2,dqn,symmetric_2_space,41,3.3585786437626908,19.6999
2,dqn,symmetric_2_space,42,3.3585786437626908,19.6999
2,dqn,symmetric_2_space,43,3.3585786437626908,19.6999
2,dqn,symmetric_2_space,44,3.3585786437626908,19.6999
2,dqn,symmetric_2_space,45,3.3585786437626908,19.6999
2,dqn,symmetric_2_space,46,3.3585786437626908,19.6999
2,dqn,symmetric_2_space,47,3.3585786437626908,19.6999
2,dqn,symmetric_2_space,48,3.3585786437626908,19.6999
2,dqn,symmetric_2_space,49,3.3585786437626908,19.6999
2,dqn,symmetric_2_space,50,3.3585786437626908,19.6999
2,dqn,symmetric_2_space,51,3.3585786437626908,19.6999
2,dqn,symmetric_2_space,52,3.3585786437626908,19.6999
2,dqn,symmetric_2_space,53,3.3585786437626908,19.6999
2,dqn,symmetric_2_space,54,3.3585786437626908,19.6999
2,dqn,symmetric_2_space,55,3.3585786437626908,19.6999
2,dqn,symmetric_2_space,56,3.3585786437626908,19.6999
2,dqn,symmetric_2_space,57,3.3585786437626908,19.6999
2,dqn,symmetric_2_space,58,3.3585786437626908,19.6999
2,dqn,symmetric_2_space,59,3.3585786437626908,19.6999
2,dqn,symmetric_2_space,60,3.3585786437626908,19.6999
2,dqn,symmetric_2_space,61,3.3585786437626908,19.6999
2,dqn,symmetric_2_space,62,3.3585786437626908,19.6999
2,dqn,symmetric_2_space,63,3.3585786437626908,19.6999
2,dqn,symmetric_2_space,64,3.3585786437626908,19.6999
2,dqn,symmetric_2_space,65,3.3585786437626908,19.6999
2,dqn,symmetric_2_space,66,3.3585786437626908,19.6999
2,dqn,symmetric_2_space,67,3.3585786437626908,19.6999
2,dqn,symmetric_2_space,68,3.3585786437626908,19.6999
2,dqn,symmetric_2_space,69,3.3585786437626908,19.6999
2,dqn,symmetric_2_space,70,3.3585786437626908,19.6999
2,dqn,symmetric_2_space,71,3.3585786437626908,19.6999
2,dqn,symmetric_2_space,72,3.3585786437626908,19.6999
2,dqn,symmetric_2_space,73,3.3585786437626908,19.6999
2,dqn,symmetric_2_space,74,3.3585786437626908,19.6999
2,dqn,symmetric_2_space,75,3.3585786437626908,19.6999
2,dqn,symmetric_2_space,76,3.3585786437626908,19.6999
2,dqn,symmetric_2_space,77,3.3585786437626908,19.6999
2,dqn,symmetric_2_space,78,3.3585786437626908,19.6999
2,dqn,symmetric_2_space,79,3.3585786437626908,19.6999
2,dqn,symmetric_2_space,80,3.3585786437626908,19.6999
2,dqn,symmetric_2_space,81,3.3585786437626908,19.6999
2,dqn,symmetric_2_space,82,3.3585786437626908,19.6999
2,dqn,symmetric_2_space,83,3.3585786437626908,19.6999
2,dqn,symmetric_2_space,84,3.3585786437626908,19.6999
2,dqn,symmetric_2_space,85,3.3585786437626908,19.6999
2,dqn,symmetric_2_space,86,3.3585786437626908,19.6999
2,dqn,symmetric_2_space,87,3.3585786437626908,19.6999
2,dqn,symmetric_2_space,88,3.3585786437626908,19.6999
2,dqn,symmetric_2_space,89,3.3585786437626908,19.6999
2,dqn,symmetric_2_space,90,3.3585786437626908,19.6999
2,dqn,symmetric_2_space,91,3.3585786437626908,19.6999
2,dqn,symmetric_2_space,92,3.3585786437626908,19.6999
2,dqn,symmetric_2_space,93,3.3585786437626908,19.6999
2,dqn,symmetric_2_space,94,3.3585786437626908,19.6999
2,dqn,symmetric_2_space,95,3.3585786437626908,19.6999
2,dqn,symmetric_2_space,96,3.3585786437626908,19.6999
2,dqn,symmetric_2_space,97,3.3585786437626908,19.6999
2,dqn,symmetric_2_space,98,3.3585786437626908,19.6999
2,dqn,symmetric_2_space,99,3.3585786437626908,19.6999
2,dqn,symmetric_2_space,100,3.3585786437626908,19.6999
2,dqn,symmetric_2_space,101,3.3585786437626908,19.6999
2,dqn,symmetric_2_space,102,3.3585786437626908,19.6999
2,dqn,symmetric_2_space,103,3.3585786437626908,19.6999
2,dqn,symmetric_2_space,104,3.3585786437626908,19.6999
2,dqn,symmetric_2_space,105,3.3585786437626908,19.6999
2,dqn,symmetric_2_space,106,3.3585786437626908,19.6999
2,dqn,symmetric_2_space,107,3.3585786437626908,19.6999
2,dqn,symmetric_2_space,108,3.3585786437626908,19.6999
2,dqn,symmetric_2_space,109,3.3585786437626908,19.6999
2,dqn,symmetric_2_space,110,3.3585786437626908,19.6999
2,dqn,symmetric_2_space,111,3.3585786437626908,19.6999
2,dqn,symmetric_2_space,112,3.3585786437626908,19.6999
2,dqn,symmetric_2_space,113,3.3585786437626908,19.6999
2,dqn,symmetric_2_space,114,3.3585786437626908,19.6999
2,dqn,symmetric_2_space,115,3.3585786437626908,19.6999
2,dqn,symmetric_2_space,116,3.3585786437626908,19.6999
2,dqn,symmetric_2_space,117,3.3585786437626908,19.6999
2,dqn,symmetric_2_space,118,3.3585786437626908,19.6999
2,dqn,symmetric_2_space,119,3.3585786437626908,19.6999
2,dqn,symmetric_2_space,120,3.3585786437626908,19.6999
2,dqn,symmetric_2_space,121,3.3585786437626908,19.6999
2,dqn,symmetric_2_space,122,3.3585786437626908,19.6999
2,dqn,symmetric_2_space,123,3.3585786437626908,19.6999
2,dqn,symmetric_2_space,124,3.3585786437626908,19.6999
2,dqn,symmetric_2_space,125,3.3585786437626908,19.6999
2,dqn,symmetric_2_space,126,3.3585786437626908,19.6999
2,dqn,symmetric_2_space,127,3.3585786437626908,19.6999
2,dqn,symmetric_2_space,128,3.3585786437626908,19.6999
2,dqn,symmetric_2_space,129,3.3585786437626908,19.6999
2,dqn,symmetric_2_space,130,3.3585786437626908,19.6999
2,dqn,symmetric_2_space,131,3.3585786437626908,19.6999
2,dqn,symmetric_2_space,132,3.3585786437626908,19.6999
2,dqn,symmetric_2_space,133,3.3585786437626908,19.6999
2,dqn,symmetric_2_space,134,3.3585786437626908,19.6999
2,dqn,symmetric_2_space,135,3.3585786437626908,19.6999
2,dqn,symmetric_2_space,136,3.3585786437626908,19.6999
2,dqn,symmetric_2_space,137,3.3585786437626908,19.6999
2,dqn,symmetric_2_space,138,3.3585786437626908,19.6999
2,dqn,symmetric_2_space,139,3.3585786437626908,19.6999
2,dqn,symmetric_2_space,140,3.3585786437626908,19.6999
2,dqn,symmetric_2_space,141,3.3585786437626908,19.6999
2,dqn,symmetric_2_space,142,3.3585786437626908,19.6999
2,dqn,symmetric_2_space,143,3.3585786437626908,19.6999
2,dqn,symmetric_2_space,144,3.3585786437626908,19.6999
2,dqn,symmetric_2_space,145,3.3585786437626908,19.6999
2,dqn,symmetric_2_space,146,3.3585786437626908,19.6999
2,dqn,symmetric_2_space,147,3.3585786437626908,19.6999
2,dqn,symmetric_2_space,148,3.3585786437626908,19.6999
2,dqn,symmetric_2_space,149,3.3585786437626908,19.6999
2,dqn,symmetric_2_space,150,3.3585786437626908,19.6999
2,dqn,symmetric_2_space,151,3.3585786437626908,19.6999
2,dqn,symmetric_2_space,152,3.3585786437626908,19.6999
2,dqn,symmetric_2_space,153,3.3585786437626908,19.6999
2,dqn,symmetric_2_space,154,3.3585786437626908,19.6999
2,dqn,symmetric_2_space,155,3.3585786437626908,19.6999
2,dqn,symmetric_2_space,156,3.3585786437626908,19.6999
2,dqn,symmetric_2_space,157,3.3585786437626908,19.6999
2,dqn,symmetric_2_space,158,3.3585786437626908,19.6999
2,dqn,symmetric_2_space,159,3.3585786437626908,19.6999
2,dqn,symmetric_2_space,160,3.3585786437626908,19.6999
2,dqn,symmetric_2_space,161,3.3585786437626908,19.6999
2,dqn,symmetric_2_space,162,3.3585786437626908,19.6999
2,dqn,symmetric_2_space,163,3.3585786437626908,19.6999
2,dqn,symmetric_2_space,164,3.3585786437626908,19.6999
2,dqn,symmetric_2_space,165,3.3585786437626908,19.6999
2,dqn,symmetric_2_space,166,3.3585786437626908,19.6999
2,dqn,symmetric_2_space,167,3.3585786437626908,19.6999
2,dqn,symmetric_2_space,168,3.3585786437626908,19.6999
2,dqn,symmetric_2_space,169,3.3585786437626908,19.6999
2,dqn,symmetric_2_space,170,3.3585786437626908,19.6999
2,dqn,symmetric_2_space,171,3.3585786437626908,19.6999
2,dqn,symmetric_2_space,172,3.3585786437626908,19.6999
2,dqn,symmetric_2_space,173,3.3585786437626908,19.6999
2,dqn,symmetric_2_space,174,3.3585786437626908,19.6999
2,dqn,symmetric_2_space,175,3.3585786437626908,19.6999
2,dqn,symmetric_2_space,176,3.3585786437626908,19.6999
2,dqn,symmetric_2_space,177,3.3585786437626908,19.6999
2,dqn,symmetric_2_space,178,3.3585786437626908,19.6999
2,dqn,symmetric_2_space,179,3.3585786437626908,19.6999
2,dqn,symmetric_2_space,180,3.3585786437626908,19.6999
2,dqn,symmetric_2_space,181,3.3585786437626908,19.6999
2,dqn,symmetric_2_space,182,3.3585786437626908,19.6999
2,dqn,symmetric_2_space,183,3.3585786437626908,19.6999
2,dqn,symmetric_2_space,184,3.3585786437626908,19.6999
2,dqn,symmetric_2_space,185,3.3585786437626908,19.6999
2,dqn,symmetric_2_space,186,3.3585786437626908,19.6999
2,dqn,symmetric_2_space,187,3.3585786437626908,19.6999
2,dqn,symmetric_2_space,188,3.3585786437626908,19.6999
2,dqn,symmetric_2_space,189,3.3585786437626908,19.6999
2,dqn,symmetric_2_space,190,3.3585786437626908,19.6999
2,dqn,symmetric_2_space,191,3.3585786437626908,19.6999
2,dqn,symmetric_2_space,192,3.3585786437626908,19.6999
2,dqn,symmetric_2_space,193,3.3585786437626908,19.6999
2,dqn,symmetric_2_space,194,3.3585786437626908,19.6999
2,dqn,symmetric_2_space,195,3.3585786437626908,19.6999
2,dqn,symmetric_2_space,196,3.3585786437626908,19.6999
2,dqn,symmetric_2_space,197,3.3585786437626908,19.6999
2,dqn,symmetric_2_space,198,3.3585786437626908,19.6999
2,dqn,symmetric_2_space,199,3.3585786437626908,19.6999
2,dqn,symmetric_2_space,200,3.3585786437626908,19.6999
2,dqn,symmetric_2_space,201,3.3585786437626908,19.6999
2,dqn,symmetric_2_space,202,3.3585786437626908,19.6999
2,dqn,symmetric_2_space,203,3.3585786437626908,19.6999
2,dqn,symmetric_2_space,204,3.3585786437626908,19.6999
2,dqn,symmetric_2_space,205,3.3585786437626908,19.6999
2,dqn,symmetric_2_space,206,3.3585786437626908,19.6999
2,dqn,symmetric_2_space,207,3.3585786437626908,19.6999
2,dqn,symmetric_2_space,208,3.3585786437626908,19.6999
2,dqn,symmetric_2_space,209,3.3585786437626908,19.6999
2,dqn,symmetric_2_space,210,3.3585786437626908,19.6999
2,dqn,symmetric_2_space,211,3.3585786437626908,19.6999
2,dqn,symmetric_2_space,212,3.3585786437626908,19.6999
2,dqn,symmetric_2_space,213,3.3585786437626908,19.6999
2,dqn,symmetric_2_space,214,3.3585786437626908,19.6999
2,dqn,symmetric_2_space,215,3.3585786437626908,19.6999
2,dqn,symmetric_2_space,216,3.3585786437626908,19.6999
2,dqn,symmetric_2_space,217,3.3585786437626908,19.6999
2,dqn,symmetric_2_space,218,3.3585786437626908,19.6999
2,dqn,symmetric_2_space,219,3.3585786437626908,19.6999
2,dqn,symmetric_2_space,220,3.3585786437626908,19.6999
2,dqn,symmetric_2_space,221,3.3585786437626908,19.6999
2,dqn,symmetric_2_space,222,3.3585786437626908,19.6999
2,dqn,symmetric_2_space,223,3.3585786437626908,19.6999
2,dqn,symmetric_2_space,224,3.3585786437626908,19.6999
2,dqn,symmetric_2_space,225,3.3585786437626908,19.6999
2,dqn,symmetric_2_space,226,3.3585786437626908,19.6999
2,dqn,symmetric_2_space,227,3.3585786437626908,19.6999
2,dqn,symmetric_2_space,228,3.3585786437626908,19.6999
2,dqn,symmetric_2_space,229,3.3585786437626908,19.6999
2,dqn,symmetric_2_space,230,3.3585786437626908,19.6999
2,dqn,symmetric_2_space,231,3.3585786437626908,19.6999
2,dqn,symmetric_2_space,232,3.3585786437626908,19.6999
2,dqn,symmetric_2_space,233,3.3585786437626908,19.6999
2,dqn,symmetric_2_space,234,3.3585786437626908,19.6999
2,dqn,symmetric_2_space,235,3.3585786437626908,19.6999
2,dqn,symmetric_2_space,236,3.3585786437626908,19.6999
2,dqn,symmetric_2_space,237,3.3585786437626908,19.6999
2,dqn,symmetric_2_space,238,3.3585786437626908,19.6999
2,dqn,symmetric_2_space,239,3.3585786437626908,19.6999
2,dqn,symmetric_2_space,240,3.3585786437626908,19.6999
2,dqn,symmetric_2_space,241,3.3585786437626908,19.6999
2,dqn,symmetric_2_space,242,3.3585786437626908,19.6999
2,dqn,symmetric_2_space,243,3.3585786437626908,19.6999
2,dqn,symmetric_2_space,244,3.3585786437626908,19.6999
2,dqn,symmetric_2_space,245,3.3585786437626908,19.6999
2,dqn,symmetric_2_space,246,3.3585786437626908,19.6999
2,dqn,symmetric_2_space,247,3.3585786437626908,19.6999
2,dqn,symmetric_2_space,248,3.3585786437626908,19.6999
2,dqn,symmetric_2_space,249,3.3585786437626908,19.6999
2,dqn,symmetric_2_space,250,3.3585786437626908,19.6999
2,dqn,symmetric_2_space,251,3.3585786437626908,19.6999
2,dqn,symmetric_2_space,252,3.3585786437626908,19.6999
2,dqn,symmetric_2_space,253,3.3585786437626908,19.6999
2,dqn,symmetric_2_space,254,3.3585786437626908,19.6999
2,dqn,symmetric_2_space,255,3.3585786437626908,19.6999
2,dqn,symmetric_2_space,256,3.3585786437626908,19.6999
2,dqn,symmetric_2_space,257,3.3585786437626908,19.6999
2,dqn,symmetric_2_space,258,3.3585786437626908,19.6999
2,dqn,symmetric_2_space,259,3.3585786437626908,19.6999
2,dqn,symmetric_2_space,260,3.3585786437626908,19.6999
2,dqn,symmetric_2_space,261,3.3585786437626908,19.6999
2,dqn,symmetric_2_space,262,3.3585786437626908,19.6999
2,dqn,symmetric_2_space,263,3.3585786437626908,19.6999
2,dqn,symmetric_2_space,264,3.3585786437626908,19.6999
2,dqn,symmetric_2_space,265,3.3585786437626908,19.6999
2,dqn,symmetric_2_space,266,3.3585786437626908,19.6999
2,dqn,symmetric_2_space,267,3.3585786437626908,19.6999
2,dqn,symmetric_2_space,268,3.3585786437626908,19.6999
2,dqn,symmetric_2_space,269,3.3585786437626908,19.6999
2,dqn,symmetric_2_space,270,3.3585786437626908,19.6999
2,dqn,symmetric_2_space,271,3.3585786437626908,19.6999
2,dqn,symmetric_2_space,272,3.3585786437626908,19.6999
2,dqn,symmetric_2_space,273,3.3585786437626908,19.6999
2,dqn,symmetric_2_space,274,3.3585786437626908,19.6999
2,dqn,symmetric_2_space,275,3.3585786437626908,19.6999
2,dqn,symmetric_2_space,276,3.3585786437626908,19.6999
2,dqn,symmetric_2_space,277,3.3585786437626908,19.6999
2,dqn,symmetric_2_space,278,3.3585786437626908,19.6999
2,dqn,symmetric_2_space,279,3.3585786437626908,19.6999
2,dqn,symmetric_2_space,280,3.3585786437626908,19.6999
2,dqn,symmetric_2_space,281,3.3585786437626908,19.6999
2,dqn,symmetric_2_space,282,3.3585786437626908,19.6999
2,dqn,symmetric_2_space,283,3.3585786437626908,19.6999
2,dqn,symmetric_2_space,284,3.3585786437626908,19.6999
2,dqn,symmetric_2_space,285,3.3585786437626908,19.6999
2,dqn,symmetric_2_space,286,3.3585786437626908,19.6999
2,dqn,symmetric_2_space,287,3.3585786437626908,19.6999
2,dqn,symmetric_2_space,288,3.3585786437626908,19.6999
2,dqn,symmetric_2_space,289,3.3585786437626908,19.6999
2,dqn,symmetric_2_space,290,3.3585786437626908,19.6999
2,dqn,symmetric_2_space,291,3.3585786437626908,19.6999
2,dqn,symmetric_2_space,292,3.3585786437626908,19.6999
2,dqn,symmetric_2_space,293,3.3585786437626908,19.6999
2,dqn,symmetric_2_space,294,3.3585786437626908,19.6999
2,dqn,symmetric_2_space,295,3.3585786437626908,19.6999
2,dqn,symmetric_2_space,296,3.3585786437626908,19.6999
2,dqn,symmetric_2_space,297,3.3585786437626908,19.6999
2,dqn,symmetric_2_space,298,3.3585786437626908,19.6999
2,dqn,symmetric_2_space,299,3.3585786437626908,19.6999
2,dqn,symmetric_2_space,300,3.3585786437626908,19.6999
2,dqn,symmetric_2_space,301,3.3585786437626908,19.6999
2,dqn,symmetric_2_space,302,3.3585786437626908,19.6999
2,dqn,symmetric_2_space,303,3.3585786437626908,19.6999
2,dqn,symmetric_2_space,304,3.3585786437626908,19.6999
2,dqn,symmetric_2_space,305,3.3585786437626908,19.6999
2,dqn,symmetric_2_space,306,3.3585786437626908,19.6999
2,dqn,symmetric_2_space,307,3.3585786437626908,19.6999
2,dqn,symmetric_2_space,308,3.3585786437626908,19.6999
2,dqn,symmetric_2_space,309,3.3585786437626908,19.6999
2,dqn,symmetric_2_space,310,3.3585786437626908,19.6999
2,dqn,symmetric_2_space,311,3.3585786437626908,19.6999
2,dqn,symmetric_2_space,312,3.3585786437626908,19.6999
2,dqn,symmetric_2_space,313,3.3585786437626908,19.6999
2,dqn,symmetric_2_space,314,3.3585786437626908,19.6999
2,dqn,symmetric_2_space,315,3.3585786437626908,19.6999
2,dqn,symmetric_2_space,316,3.3585786437626908,19.6999
2,dqn,symmetric_2_space,317,3.3585786437626908,19.6999
2,dqn,symmetric_2_space,318,3.3585786437626908,19.6999
2,dqn,symmetric_2_space,319,3.3585786437626908,19.6999
2,dqn,symmetric_2_space,320,3.3585786437626908,19.6999
2,dqn,symmetric_2_space,321,3.3585786437626908,19.6999
2,dqn,symmetric_2_space,322,3.3585786437626908,19.6999
2,dqn,symmetric_2_space,323,3.3585786437626908,19.6999
2,dqn,symmetric_2_space,324,3.3585786437626908,19.6999
2,dqn,symmetric_2_space,325,3.3585786437626908,19.6999
2,dqn,symmetric_2_space,326,3.3585786437626908,19.6999
2,dqn,symmetric_2_space,327,3.3585786437626908,19.6999
2,dqn,symmetric_2_space,328,3.3585786437626908,19.6999
2,dqn,symmetric_2_space,329,3.3585786437626908,19.6999
2,dqn,symmetric_2_space,330,3.3585786437626908,19.6999
2,dqn,symmetric_2_space,331,3.3585786437626908,19.6999
2,dqn,symmetric_2_space,332,3.3585786437626908,19.6999
2,dqn,symmetric_2_space,333,3.3585786437626908,19.6999
2,dqn,symmetric_2_space,334,3.3585786437626908,19.6999
2,dqn,symmetric_2_space,335,3.3585786437626908,19.6999
2,dqn,symmetric_2_space,336,3.3585786437626908,19.6999
2,dqn,symmetric_2_space,337,3.3585786437626908,19.6999
2,dqn,symmetric_2_space,338,3.3585786437626908,19.6999
2,dqn,symmetric_2_space,339,3.3585786437626908,19.6999
2,dqn,symmetric_2_space,340,3.3585786437626908,19.6999
2,dqn,symmetric_2_space,341,3.3585786437626908,19.6999
2,dqn,symmetric_2_space,342,3.3585786437626908,19.6999
2,dqn,symmetric_2_space,343,3.3585786437626908,19.6999
2,dqn,symmetric_2_space,344,3.3585786437626908,19.6999
2,dqn,symmetric_2_space,345,3.3585786437626908,19.6999
2,dqn,symmetric_2_space,346,3.3585786437626908,19.6999
2,dqn,symmetric_2_space,347,3.3585786437626908,19.6999
2,dqn,symmetric_2_space,348,3.3585786437626908,19.6999
2,dqn,symmetric_2_space,349,3.3585786437626908,19.6999
2,dqn,symmetric_2_space,350,3.3585786437626908,19.6999
2,dqn,symmetric_2_space,351,3.3585786437626908,19.6999
2,dqn,symmetric_2_space,352,3.3585786437626908,19.6999
2,dqn,symmetric_2_space,353,3.3585786437626908,19.6999
2,dqn,symmetric_2_space,354,3.3585786437626908,19.6999
2,dqn,symmetric_2_space,355,3.3585786437626908,19.6999
2,dqn,symmetric_2_space,356,3.3585786437626908,19.6999
2,dqn,symmetric_2_space,357,3.3585786437626908,19.6999
2,dqn,symmetric_2_space,358,3.3585786437626908,19.6999
2,dqn,symmetric_2_space,359,3.3585786437626908,19.6999
2,dqn,symmetric_2_space,360,3.3585786437626908,19.6999
2,dqn,symmetric_2_space,361,3.3585786437626908,19.6999
2,dqn,symmetric_2_space,362,3.3585786437626908,19.6999
2,dqn,symmetric_2_space,363,3.3585786437626908,19.6999
2,dqn,symmetric_2_space,364,3.3585786437626908,19.6999
2,dqn,symmetric_2_space,365,3.3585786437626908,19.6999
2,dqn,symmetric_2_space,366,3.3585786437626908,19.6999
2,dqn,symmetric_2_space,367,3.3585786437626908,19.6999
2,dqn,symmetric_2_space,368,3.3585786437626908,19.6999
2,dqn,symmetric_2_space,369,3.3585786437626908,19.6999
2,dqn,symmetric_2_space,370,3.3585786437626908,19.6999
2,dqn,symmetric_2_space,371,3.3585786437626908,19.6999
2,dqn,symmetric_2_space,372,3.3585786437626908,19.6999
2,dqn,symmetric_2_space,373,3.3585786437626908,19.6999
2,dqn,symmetric_2_space,374,3.3585786437626908,19.6999
2,dqn,symmetric_2_space,375,3.3585786437626908,19.6999
2,dqn,symmetric_2_space,376,3.3585786437626908,19.6999
2,dqn,symmetric_2_space,377,3.3585786437626908,19.6999
2,dqn,symmetric_2_space,378,3.3585786437626908,19.6999
2,dqn,symmetric_2_space,379,3.3585786437626908,19.6999
2,dqn,symmetric_2_space,380,3.3585786437626908,19.6999
2,dqn,symmetric_2_space,381,3.3585786437626908,19.6999
2,dqn,symmetric_2_space,382,3.3585786437626908,19.6999
2,dqn,symmetric_2_space,383,3.3585786437626908,19.6999
2,dqn,symmetric_2_space,384,3.3585786437626908,19.6999
2,dqn,symmetric_2_space,385,3.3585786437626908,19.6999
2,dqn,symmetric_2_space,386,3.3585786437626908,19.6999
2,dqn,symmetric_2_space,387,3.3585786437626908,19.6999
2,dqn,symmetric_2_space,388,3.3585786437626908,19.6999
2,dqn,symmetric_2_space,389,3.3585786437626908,19.6999
2,dqn,symmetric_2_space,390,3.3585786437626908,19.6999
2,dqn,symmetric_2_space,391,3.3585786437626908,19.6999
2,dqn,symmetric_2_space,392,3.3585786437626908,19.6999
2,dqn,symmetric_2_space,393,3.3585786437626908,19.6999
2,dqn,symmetric_2_space,394,3.3585786437626908,19.6999
2,dqn,symmetric_2_space,395,3.3585786437626908,19.6999
2,dqn,symmetric_2_space,396,3.3585786437626908,19.6999
2,dqn,symmetric_2_space,397,3.3585786437626908,19.6999
2,dqn,symmetric_2_space,398,3.3585786437626908,19.6999
2,dqn,symmetric_2_space,399,3.3585786437626908,19.6999
2,dqn,symmetric_2_space,400,3.3585786437626908,19.6999
2,dqn,symmetric_2_space,401,3.3585786437626908,19.6999
2,dqn,symmetric_2_space,402,3.3585786437626908,19.6999
2,dqn,symmetric_2_space,403,3.3585786437626908,19.6999
2,dqn,symmetric_2_space,404,3.3585786437626908,19.6999
2,dqn,symmetric_2_space,405,3.3585786437626908,19.6999
2,dqn,symmetric_2_space,406,3.3585786437626908,19.6999
2,dqn,symmetric_2_space,407,3.3585786437626908,19.6999
2,dqn,symmetric_2_space,408,3.3585786437626908,19.6999
2,dqn,symmetric_2_space,409,3.3585786437626908,19.6999
2,dqn,symmetric_2_space,410,3.3585786437626908,19.6999
2,dqn,symmetric_2_space,411,3.3585786437626908,19.6999
2,dqn,symmetric_2_space,412,3.3585786437626908,19.6999
2,dqn,symmetric_2_space,413,3.3585786437626908,19.6999
2,dqn,symmetric_2_space,414,3.3585786437626908,19.6999
2,dqn,symmetric_2_space,415,3.3585786437626908,19.6999
2,dqn,symmetric_2_space,416,3.3585786437626908,19.6999
2,dqn,symmetric_2_space,417,3.3585786437626908,19.6999
2,dqn,symmetric_2_space,418,3.3585786437626908,19.6999
2,dqn,symmetric_2_space,419,3.3585786437626908,19.6999
2,dqn,symmetric_2_space,420,3.3585786437626908,19.6999
2,dqn,symmetric_2_space,421,3.3585786437626908,19.6999
2,dqn,symmetric_2_space,422,3.3585786437626908,19.6999
2,dqn,symmetric_2_space,423,3.3585786437626908,19.6999
2,dqn,symmetric_2_space,424,3.3585786437626908,19.6999
2,dqn,symmetric_2_space,425,3.3585786437626908,19.6999
2,dqn,symmetric_2_space,426,3.3585786437626908,19.6999
2,dqn,symmetric_2_space,427,3.3585786437626908,19.6999
2,dqn,symmetric_2_space,428,3.3585786437626908,19.6999
2,dqn,symmetric_2_space,429,3.3585786437626908,19.6999
2,dqn,symmetric_2_space,430,3.3585786437626908,19.6999
2,dqn,symmetric_2_space,431,3.3585786437626908,19.6999
2,dqn,symmetric_2_space,432,3.3585786437626908,19.6999
2,dqn,symmetric_2_space,433,3.3585786437626908,19.6999
2,dqn,symmetric_2_space,434,3.3585786437626908,19.6999
2,dqn,symmetric_2_space,435,3.3585786437626908,19.6999
2,dqn,symmetric_2_space,436,3.3585786437626908,19.6999
2,dqn,symmetric_2_space,437,3.3585786437626908,19.6999
2,dqn,symmetric_2_space,438,3.3585786437626908,19.6999
2,dqn,symmetric_2_space,439,3.3585786437626908,19.6999
2,dqn,symmetric_2_space,440,3.3585786437626908,19.6999
2,dqn,symmetric_2_space,441,3.3585786437626908,19.6999
2,dqn,symmetric_2_space,442,3.3585786437626908,19.6999
2,dqn,symmetric_2_space,443,3.3585786437626908,19.6999
2,dqn,symmetric_2_space,444,3.3585786437626908,19.6999
2,dqn,symmetric_2_space,445,3.3585786437626908,19.6999
2,dqn,symmetric_2_space,446,3.3585786437626908,19.6999
2,dqn,symmetric_2_space,447,3.3585786437626908,19.6999
2,dqn,symmetric_2_space,448,3.3585786437626908,19.6999
2,dqn,symmetric_2_space,449,3.3585786437626908,19.6999
2,dqn,symmetric_2_space,450,3.3585786437626908,19.6999
2,dqn,symmetric_2_space,451,3.3585786437626908,19.6999
2,dqn,symmetric_2_space,452,3.3585786437626908,19.6999
2,dqn,symmetric_2_space,453,3.3585786437626908,19.6999
2,dqn,symmetric_2_space,454,3.3585786437626908,19.6999
2,dqn,symmetric_2_space,455,3.3585786437626908,19.6999
2,dqn,symmetric_2_space,456,3.3585786437626908,19.6999
2,dqn,symmetric_2_space,457,3.3585786437626908,19.6999
2,dqn,symmetric_2_space,458,3.3585786437626908,19.6999
2,dqn,symmetric_2_space,459,3.3585786437626908,19.6999
2,dqn,symmetric_2_space,460,3.3585786437626908,19.6999
2,dqn,symmetric_2_space,461,3.3585786437626908,19.6999
2,dqn,symmetric_2_space,462,3.3585786437626908,19.6999
2,dqn,symmetric_2_space,463,3.3585786437626908,19.6999
2,dqn,symmetric_2_space,464,3.3585786437626908,19.6999
2,dqn,symmetric_2_space,465,3.3585786437626908,19.6999
2,dqn,symmetric_2_space,466,3.3585786437626908,19.6999
2,dqn,symmetric_2_space,467,3.3585786437626908,19.6999
2,dqn,symmetric_2_space,468,3.3585786437626908,19.6999
2,dqn,symmetric_2_space,469,3.3585786437626908,19.6999
2,dqn,symmetric_2_space,470,3.3585786437626908,19.6999
2,dqn,symmetric_2_space,471,3.3585786437626908,19.6999
2,dqn,symmetric_2_space,472,3.3585786437626908,19.6999
2,dqn,symmetric_2_space,473,3.3585786437626908,19.6999
2,dqn,symmetric_2_space,474,3.3585786437626908,19.6999
2,dqn,symmetric_2_space,475,3.3585786437626908,19.6999
2,dqn,symmetric_2_space,476,3.3585786437626908,19.6999
2,dqn,symmetric_2_space,477,3.3585786437626908,19.6999
2,dqn,symmetric_2_space,478,3.3585786437626908,19.6999
2,dqn,symmetric_2_space,479,3.3585786437626908,19.6999
2,dqn,symmetric_2_space,480,3.3585786437626908,19.6999
2,dqn,symmetric_2_space,481,3.3585786437626908,19.6999
2,dqn,symmetric_2_space,482,3.3585786437626908,19.6999
2,dqn,symmetric_2_space,483,3.3585786437626908,19.6999
2,dqn,symmetric_2_space,484,3.3585786437626908,19.6999
2,dqn,symmetric_2_space,485,3.3585786437626908,19.6999
2,dqn,symmetric_2_space,486,3.3585786437626908,19.6999
2,dqn,symmetric_2_space,487,3.3585786437626908,19.6999
2,dqn,symmetric_2_space,488,3.3585786437626908,19.6999
2,dqn,symmetric_2_space,489,3.3585786437626908,19.6999
2,dqn,symmetric_2_space,490,3.3585786437626908,19.6999
2,dqn,symmetric_2_space,491,3.3585786437626908,19.6999
2,dqn,symmetric_2_space,492,3.3585786437626908,19.6999
2,dqn,symmetric_2_space,493,3.3585786437626908,19.6999
2,dqn,symmetric_2_space,494,3.3585786437626908,19.6999
2,dqn,symmetric_2_space,495,3.3585786437626908,19.6999
2,dqn,symmetric_2_space,496,3.3585786437626908,19.6999
2,dqn,symmetric_2_space,497,3.3585786437626908,19.6999
2,dqn,symmetric_2_space,498,3.3585786437626908,19.6999
2,dqn,symmetric_2_space,499,3.3585786437626908,19.6999
2,dqn,symmetric_2_space,500,3.3585786437626908,19.6999
